gravedad,area_m2,costo_estimado_cop,costo_por_m2,indice_criticidad,prioridad_nivel,tipo_Bache,tipo_Fisura,tipo_Grieta longitudinal,tipo_Grieta transversal,tipo_Hueco profundo,tipo_Hundimiento,barrio_Alamos,barrio_Bellavista,barrio_Centro,barrio_El Cipres,barrio_El Prado,barrio_Jorge Eliecer Gaitan,barrio_La Florida,barrio_La Isabela,barrio_Los Almendros,barrio_Mariscal Sucre,barrio_Ortiz,barrio_San Jeronimo,barrio_San Nicolas,barrio_Santa Ana,barrio_Zaragoza
9,3.5,450000,128571.42857142857,31.5,4,0,0,0,0,1,0,0,0,0,0,1,0,0,0,0,0,0,0,0,0,0
5,1.2,180000,150000.0,6.0,2,0,0,1,0,0,0,0,0,0,0,0,0,0,0,0,0,0,1,0,0,0
8,4.0,520000,130000.0,32.0,3,0,0,0,0,0,1,0,0,0,0,0,0,0,0,0,0,0,0,0,0,1
4,0.8,120000,150000.0,3.2,1,1,0,0,0,0,0,0,0,1,0,0,0,0,0,0,0,0,0,0,0,0
9,2.8,380000,135714.2857142857,25.2,4,0,0,0,0,1,0,0,0,0,0,0,0,0,1,0,0,0,0,0,0,0
3,0.5,90000,180000.0,1.5,1,0,1,0,0,0,0,0,0,0,0,0,0,0,0,0,0,0,0,0,1,0
7,3.1,410000,132258.06451612903,21.7,3,0,0,0,0,0,1,0,0,0,0,0,0,0,0,1,0,0,0,0,0,0
6,1.9,230000,121052.63157894737,11.399999999999999,2,0,0,0,1,0,0,0,1,0,0,0,0,0,0,0,0,0,0,0,0,0
10,4.8,600000,125000.0,48.0,4,0,0,0,0,1,0,0,0,0,0,0,0,0,0,0,0,0,0,1,0,0
4,1.0,140000,140000.0,4.0,1,1,0,0,0,0,0,1,0,0,0,0,0,0,0,0,0,0,0,0,0,0
8,2.5,350000,140000.0,20.0,3,0,0,0,0,1,0,0,0,0,1,0,0,0,0,0,0,0,0,0,0,0
5,1.5,190000,126666.66666666667,7.5,2,0,0,1,0,0,0,0,0,0,0,0,0,0,0,0,0,1,0,0,0,0
9,3.9,490000,125641.02564102564,35.1,4,0,0,0,0,0,1,0,0,0,0,0,1,0,0,0,0,0,0,0,0,0
2,0.4,80000,200000.0,0.8,1,0,1,0,0,0,0,0,0,0,0,0,0,1,0,0,0,0,0,0,0,0
8,3.0,400000,133333.33333333334,24.0,3,0,0,0,0,1,0,0,0,0,0,0,0,0,0,0,1,0,0,0,0,0
